filename,width,height,class,xmin,ymin,xmax,ymax
Screen-Shot-2022-06-23-at-6-15-05-PM_png.rf.89794e1bf320dff7a82d5df7b020da4e.jpg,512,512,Slope-Roof,70,220,429,439
Screen-Shot-2022-06-23-at-6-13-56-PM_png.rf.863eaa9d63234e74db0367bc8bae1880.jpg,512,512,Slope-Roof,29,219,468,468
Screen-Shot-2022-06-23-at-6-13-56-PM_png.rf.863eaa9d63234e74db0367bc8bae1880.jpg,512,512,Slope-Roof,0,19,413,273
Screen-Shot-2022-06-23-at-6-12-16-PM_png.rf.7f466bd72924c7d101180660da5ebb24.jpg,512,512,Slope-Roof,85,69,481,484
Screen-Shot-2022-06-23-at-6-16-39-PM_png.rf.89bf12335d757df9ddfcb459897430df.jpg,512,512,Slope-Roof,79,184,226,458
MountainView_3_png.rf.8dadf379ab7e78ce3bc563fa7fdb933f.jpg,512,512,Flat Roof,2,68,494,491
Screen-Shot-2022-06-23-at-6-16-24-PM_png.rf.82237772fefb74a88c8aa4ba555018e2.jpg,512,512,Solar-Slope-Roof,107,103,407,436
MountainView_7_png.rf.8f21b6f79ebf9c7e65a6845dcaa050ec.jpg,512,512,Flat Roof,0,21,457,444
Screen-Shot-2022-06-23-at-6-16-34-PM_png.rf.8bc2f2a58db7a22e0fad77b736ea8544.jpg,512,512,Slope-Roof,144,187,402,401
Screen-Shot-2022-06-23-at-6-16-34-PM_png.rf.8bc2f2a58db7a22e0fad77b736ea8544.jpg,512,512,Slope-Roof,249,402,397,498
Screen-Shot-2022-06-23-at-6-16-03-PM_png.rf.8f825593b5ed61c85a132d824d823c51.jpg,512,512,Solar-Slope-Roof,196,147,453,400
Screen-Shot-2022-06-23-at-6-16-03-PM_png.rf.8f825593b5ed61c85a132d824d823c51.jpg,512,512,Slope-Roof,3,238,246,468
Screen-Shot-2022-06-23-at-6-13-56-PM_png.rf.886c48f0ce1d901c329c8e4254745960.jpg,512,512,Slope-Roof,44,44,293,483
Screen-Shot-2022-06-23-at-6-13-56-PM_png.rf.886c48f0ce1d901c329c8e4254745960.jpg,512,512,Slope-Roof,239,99,493,512
MountainView_23_png.rf.8ecb1434bee03dd6be36fc6347f02b78.jpg,512,512,Slope-Roof,90,41,489,371
Screen-Shot-2022-06-23-at-6-13-47-PM_png.rf.83d4a7a2b5b845bf3ebe665818d1ae30.jpg,512,512,Slope-Roof,43,6,482,469
Screen-Shot-2022-06-23-at-11-55-35-AM_png.rf.7fd8121447c6011e95cd65cd3c98503c.jpg,512,512,Solar-Flat-Roof,15,45,510,447
Screen-Shot-2022-06-23-at-6-18-43-PM_png.rf.8a104c5c949cc418b7f3981cdcf5e1a9.jpg,512,512,Slope-Roof,61,20,425,441
Screen-Shot-2022-06-23-at-6-12-53-PM_png.rf.879f2dee3faa6ffe91f224565b6abc5e.jpg,512,512,Slope-Roof,35,28,446,448
MountainView_44_png.rf.81bdd6c276953e7318cd5738f1ad6eff.jpg,512,512,Solar-Slope-Roof,29,92,474,467
Screen-Shot-2022-06-23-at-6-18-26-PM_png.rf.8c8a6d054845220c325452cb10cc6a57.jpg,512,512,Flat Roof,86,34,450,493
Screen-Shot-2022-06-23-at-6-08-20-PM_png.rf.8cf6e49357ee57dc2678a6427051134d.jpg,512,512,Slope-Roof,14,29,496,479
MountainView_10_png.rf.888da6f9b7c6bcd736fb73b506c5fb69.jpg,512,512,Flat Roof,48,29,397,488
MountainView_13_png.rf.8a32447c498455797d93a58c2758499f.jpg,512,512,Solar-Slope-Roof,78,27,449,430
MountainView_7_png.rf.8423fea3cead3478801d27a567c56bf2.jpg,512,512,Flat Roof,0,68,457,491
Screen-Shot-2022-06-23-at-6-11-10-PM_png.rf.88d06eeb7ff2d984325d5e68a6ed341a.jpg,512,512,Solar-Slope-Roof,70,31,467,376
Screen-Shot-2022-06-23-at-6-09-52-PM_png.rf.9007aca4f448c1192eea5d473f281bca.jpg,512,512,Slope-Roof,54,24,476,434
Screen-Shot-2022-06-23-at-6-10-46-PM_png.rf.8fded4a08b7eb0157329162bb7a8a57f.jpg,512,512,Solar-Slope-Roof,181,98,453,381
Screen-Shot-2022-06-23-at-6-10-46-PM_png.rf.8fded4a08b7eb0157329162bb7a8a57f.jpg,512,512,Solar-Slope-Roof,23,111,171,262
Screen-Shot-2022-06-23-at-6-09-48-PM_png.rf.7ee04b97ea8ae9d94f41e413def168bf.jpg,512,512,Slope-Roof,14,70,439,473
MountainView_11_png.rf.8fca2edd3c8ff46fcf68466885037794.jpg,512,512,Flat Roof,39,3,420,501
Screen-Shot-2022-06-23-at-6-18-43-PM_png.rf.8eaa2652c05531d66cb98bfa9e711a50.jpg,512,512,Slope-Roof,87,20,451,441
Screen-Shot-2022-06-23-at-6-09-52-PM_png.rf.8fff725106720df1ac8b71473f53edbf.jpg,512,512,Slope-Roof,78,36,488,458
Screen-Shot-2022-06-23-at-11-56-14-AM_png.rf.8ffa7d236e5910c00c5f57578985cad3.jpg,512,512,Slope-Roof,37,8,439,473
Screen-Shot-2022-06-23-at-11-55-17-AM_png.rf.96e33bc8f7eecbfd9e2385fb047e3a3c.jpg,512,512,Solar-Slope-Roof,10,12,438,483
Screen-Shot-2022-06-23-at-6-14-36-PM_png.rf.95be900c9abcf6b1275d7a5067d54a80.jpg,512,512,Slope-Roof,38,11,512,400
Screen-Shot-2022-06-23-at-6-11-26-PM_png.rf.916e14db96a4ee920d4a303db4371e9e.jpg,512,512,Slope-Roof,82,53,459,462
Screen-Shot-2022-06-23-at-6-12-53-PM_png.rf.930eca49c8149b2bd2d407ad7f485d5f.jpg,512,512,Slope-Roof,66,64,477,484
Screen-Shot-2022-06-23-at-6-12-20-PM_png.rf.97fbf7b08eaeef0e12d2880902d172e2.jpg,512,512,Slope-Roof,78,90,452,425
Screen-Shot-2022-06-23-at-6-09-57-PM_png.rf.98f91aadfa04904cabdde548c5c2e7b8.jpg,512,512,Slope-Roof,51,51,385,471
Screen-Shot-2022-06-23-at-6-12-47-PM_png.rf.93b8f8a3e99c0b265aff4a49c3b8de4f.jpg,512,512,Slope-Roof,151,85,443,481
Screen-Shot-2022-06-23-at-6-16-39-PM_png.rf.96fdb16960d3c8ce1c5cfde5731767cd.jpg,512,512,Slope-Roof,54,286,328,433
Screen-Shot-2022-06-23-at-6-09-42-PM_png.rf.98a07ab9b1074e6596397cef7a1bcb47.jpg,512,512,Slope-Roof,29,34,450,479
Screen-Shot-2022-06-23-at-6-09-15-PM_png.rf.93a68b0ac7ada01cf0a3e9346a5b80cc.jpg,512,512,Solar-Slope-Roof,9,55,503,418
MountainView_27_png.rf.9133cacfc729536aaaea4b0123ee3066.jpg,512,512,Slope-Roof,139,50,442,443
Screen-Shot-2022-06-23-at-6-16-11-PM_png.rf.98bddea86938c2ce1cb4660bd1b136f0.jpg,512,512,Solar-Slope-Roof,34,23,458,444
Screen-Shot-2022-06-23-at-11-56-00-AM_png.rf.9a6ba216d8011b3fca8e1b7c1e17376b.jpg,512,512,Slope-Roof,28,34,418,500
Screen-Shot-2022-06-23-at-11-51-33-AM_png.rf.9723711a100ada6091ec20a4666cc094.jpg,512,512,Solar-Pannel-Ground,66,29,479,445
Screen-Shot-2022-06-23-at-6-11-05-PM_png.rf.9c4a65a7b419b8a4f56b0dfa55c7b085.jpg,512,512,Solar-Slope-Roof,106,44,502,503
Screen-Shot-2022-06-23-at-6-12-53-PM_png.rf.91b34435a35aba596ac82cfaab84795b.jpg,512,512,Slope-Roof,64,35,484,446
MountainView_15_png.rf.9657b82a64fa18651808126b628322f2.jpg,512,512,Solar-Slope-Roof,39,11,434,469
Screen-Shot-2022-06-23-at-6-12-43-PM_png.rf.94c958b494a5eb44279f13c0c8ad61bd.jpg,512,512,Slope-Roof,66,88,491,450
Screen-Shot-2022-06-23-at-6-10-26-PM_png.rf.992f027ea56e0dc48c4417d4312aee38.jpg,512,512,Slope-Roof,45,53,461,383
MountainView_52_png.rf.9ca7a4b57af15a80aa0fa930fe316523.jpg,512,512,Slope-Roof,29,27,463,471
Screen-Shot-2022-06-23-at-6-16-20-PM_png.rf.9a7d3bc5d1bb505c6064412707af9b19.jpg,512,512,Solar-Slope-Roof,42,154,470,451
Screen-Shot-2022-06-23-at-6-14-28-PM_png.rf.9a0333fbfdc648a09be617020fc3d81d.jpg,512,512,Slope-Roof,32,29,486,370
MountainView_38_png.rf.9d0ef15594b4a8a1cae4742b0709c6ea.jpg,512,512,TreeShading-Slope-Roof,27,18,484,446
MountainView_50_png.rf.9dbfddee1a975e825fff23ed35664a15.jpg,512,512,TreeShading-Slope-Roof,61,77,472,469
MountainView_6_png.rf.9e44b1f132f6759699dab8ea6210955e.jpg,512,512,TreeShading-Slope-Roof,58,50,486,504
Screen-Shot-2022-06-23-at-6-16-07-PM_png.rf.9f8ee4dd1a23c054d89df3074952dd56.jpg,512,512,Solar-Slope-Roof,85,90,420,425
Screen-Shot-2022-06-23-at-6-18-48-PM_png.rf.9e01cc3dca0d49276834374df8748465.jpg,512,512,Slope-Roof,107,0,439,418
Screen-Shot-2022-06-23-at-6-08-38-PM_png.rf.9c32f0d5951b710bc30756d609d057e2.jpg,512,512,Flat Roof,6,16,507,492
MountainView_11_png.rf.99211987588e3d12a4f7c1c0ea19cd6d.jpg,512,512,Flat Roof,11,39,509,420
MountainView_8_png.rf.9564823644c8fe9be0aedc89b3124d82.jpg,512,512,Flat Roof,34,20,434,507
MountainView_31_png.rf.a487a718000d6e00608711d232510220.jpg,512,512,Slope-Roof,37,48,438,450
MountainView_24_png.rf.a33942c4b6c6c81acf7caf8ce4c178ae.jpg,512,512,Slope-Roof,68,54,464,466
Screen-Shot-2022-06-23-at-6-10-21-PM_png.rf.9da8ff5b4a543ca7bdcdf0f8e07614bf.jpg,512,512,Solar-Slope-Roof,102,12,459,318
Screen-Shot-2022-06-23-at-6-16-11-PM_png.rf.a437242cfccd35361a0312864c0ace31.jpg,512,512,Solar-Slope-Roof,23,54,444,478
MountainView_35_png.rf.a1dba8f745bb805f2308eb712f408979.jpg,512,512,Slope-Roof,158,44,455,495
Screen-Shot-2022-06-23-at-11-55-07-AM_png.rf.a394a75a9ea35bf686bd8ac2786ec60a.jpg,512,512,Solar-Slope-Roof,9,57,496,502
MountainView_28_png.rf.ad1f10b2a14b8812c6bb1b0ee4ea00b1.jpg,512,512,TreeShading-Slope-Roof,152,59,495,484
MountainView_22_png.rf.ab1c3f97b737e705b0a29de6e9f4f5b4.jpg,512,512,Slope-Roof,0,127,435,444
Screen-Shot-2022-06-23-at-6-11-10-PM_png.rf.a9e4d5e54397274675927aee558af51c.jpg,512,512,Solar-Slope-Roof,70,136,467,481
MountainView_47_png.rf.9f10dcac7a9cfecd738ffb5cb843075f.jpg,512,512,Slope-Roof,26,82,482,477
Screen-Shot-2022-06-23-at-6-12-24-PM_png.rf.a8e9e324695a90d6aa1645494c1574d8.jpg,512,512,Slope-Roof,54,108,469,392
MountainView_33_png.rf.9ff2ade303f2e888fc0e837857d3fc52.jpg,512,512,Unknownshape-Roof,78,2,503,499
MountainView_43_png.rf.aa2eab4c3988f6d379b77dacdff1613d.jpg,512,512,Solar-Slope-Roof,151,35,465,480
Screen-Shot-2022-06-23-at-6-18-26-PM_png.rf.a76e46c9c711aca7723e94d004be4c68.jpg,512,512,Flat Roof,86,34,450,493
Screen-Shot-2022-06-23-at-11-56-06-AM_png.rf.a9ea1bc093c6409ded53425bdba616d1.jpg,512,512,Slope-Roof,1,63,506,494
Screen-Shot-2022-06-23-at-6-12-20-PM_png.rf.a67bd092dbbcc04488b641a7b3389d03.jpg,512,512,Slope-Roof,90,78,425,452
Screen-Shot-2022-06-23-at-6-16-16-PM_png.rf.a6acdd855faad1eba5ce773ad8454d54.jpg,512,512,Solar-Slope-Roof,39,34,362,400
Screen-Shot-2022-06-23-at-6-18-26-PM_png.rf.aaf3051fde167550039e9ed54a4d7775.jpg,512,512,Flat Roof,19,62,478,426
Screen-Shot-2022-06-23-at-11-47-05-AM_png.rf.ad225d8c135dc87d378fe374d86556e8.jpg,512,512,Playground,166,110,278,403
Screen-Shot-2022-06-23-at-11-47-05-AM_png.rf.ad225d8c135dc87d378fe374d86556e8.jpg,512,512,Playground,71,100,180,394
MountainView_36_png.rf.a31a849fd6f03796b06802a32bc82581.jpg,512,512,Slope-Roof,37,66,485,397
Screen-Shot-2022-06-23-at-6-13-47-PM_png.rf.aec91c7fc18e751b67f3642019dfe913.jpg,512,512,Slope-Roof,6,30,469,469
Screen-Shot-2022-06-23-at-6-09-48-PM_png.rf.a115e33e49fa01be5427213147b5eb02.jpg,512,512,Slope-Roof,70,73,473,498
MountainView_9_png.rf.ae10a6b0b37601384de9e5274af972cd.jpg,512,512,Solar-Flat-Roof,18,13,490,415
Screen-Shot-2022-06-23-at-11-56-19-AM_png.rf.b5ea304d4b8da0c3a250658bac3e81d1.jpg,512,512,Slope-Roof,11,18,445,495
Screen-Shot-2022-06-23-at-6-12-03-PM_png.rf.b84f752cdd52c9e50e8c36fa4b9f3eec.jpg,512,512,Slope-Roof,51,287,418,479
MountainView_9_png.rf.a4d6b63153b3944a274720aca93ea6f8.jpg,512,512,Solar-Flat-Roof,97,22,499,494
MountainView_22_png.rf.bad97771386977bdab593d55df14810d.jpg,512,512,Slope-Roof,127,0,444,435
Screen-Shot-2022-06-23-at-11-52-45-AM_png.rf.b1fbb2e4d30905164cd4088b4864e218.jpg,512,512,Slope-Roof,35,26,502,494
MountainView_45_png.rf.b6914ab286afdc139ec3121b8fd5a6ae.jpg,512,512,Slope-Roof,103,31,445,476
MountainView_25_png.rf.c01e0b49f8595d164211e17357bb8551.jpg,512,512,Solar-Slope-Roof,51,25,439,453
Screen-Shot-2022-06-23-at-6-16-30-PM_png.rf.bca09983ad03f32f00f7e898d248a2a9.jpg,512,512,Solar-Slope-Roof,177,116,474,483
MountainView_16_png.rf.bc4dd0f64950f4b89e44a09eb5349c20.jpg,512,512,Slope-Roof,30,59,457,415
Screen-Shot-2022-06-23-at-6-13-04-PM_png.rf.c63fddc65a8a0b90916dfa1dd310e45d.jpg,512,512,Slope-Roof,67,210,349,472
MountainView_52_png.rf.bfb1fca197ee8f1aa789425f02438759.jpg,512,512,Slope-Roof,29,41,463,485
Screen-Shot-2022-06-23-at-6-15-05-PM_png.rf.ba953bb7b0d9c2d5bddbc1a287c29fa4.jpg,512,512,Slope-Roof,83,73,442,292
Screen-Shot-2022-06-23-at-6-17-22-PM_png.rf.c2e87a72a4d048176fdeef4ed84524cb.jpg,512,512,Commercial-Flat-Roof,69,49,478,461
Screen-Shot-2022-06-23-at-6-16-03-PM_png.rf.b9bb28ca3d807acded4292849c8f59a7.jpg,512,512,Solar-Slope-Roof,196,112,453,365
Screen-Shot-2022-06-23-at-6-16-03-PM_png.rf.b9bb28ca3d807acded4292849c8f59a7.jpg,512,512,Slope-Roof,3,44,246,274
Screen-Shot-2022-06-23-at-11-54-05-AM_png.rf.bfc06800c2d88d806f5c7c635e8e4908.jpg,512,512,Slope-Roof,42,115,495,473
MountainView_2_png.rf.b33314f015b8039e626a8798ae63cd93.jpg,512,512,Flat Roof,62,26,366,449
MountainView_27_png.rf.c2086571415c83c40eade2ec8a1fae49.jpg,512,512,Slope-Roof,139,69,442,462
MountainView_18_png.rf.bc3cae5ec3880fef6d97cfd4bd5d2108.jpg,512,512,Commercial-Slope-Roof,311,68,464,472
Screen-Shot-2022-06-23-at-6-11-26-PM_png.rf.c6ba96d435e617835fee546642752b41.jpg,512,512,Slope-Roof,50,53,459,430
Screen-Shot-2022-06-23-at-6-09-21-PM_png.rf.c51f6bca258d1e86f9374eeb8c8e4fcf.jpg,512,512,Solar-Slope-Roof,50,15,468,371
Screen-Shot-2022-06-23-at-6-10-40-PM_png.rf.ab05e6f5b78674d8b6e7647fe4237b6d.jpg,512,512,Solar-Slope-Roof,14,59,467,370
Screen-Shot-2022-06-23-at-6-13-04-PM_png.rf.cb519c1d29a002d14f89b0d4bc0adef1.jpg,512,512,Slope-Roof,40,67,302,349
MountainView_8_png.rf.c3d18bf2b6051b2f31869586690ecbc2.jpg,512,512,Flat Roof,78,20,478,507
MountainView_42_png.rf.b6273e4d8ac8429611b8f1ee0afd412f.jpg,512,512,Slope-Roof,79,27,419,468
Screen-Shot-2022-06-23-at-11-55-28-AM_png.rf.b396c3650e9d0270349b976e773156eb.jpg,512,512,Slope-Flat-Roof,14,40,505,504
Screen-Shot-2022-06-23-at-11-56-14-AM_png.rf.ce079f4f576ea4da8ab6deb8d22c27f8.jpg,512,512,Slope-Roof,39,37,504,439
Screen-Shot-2022-06-23-at-6-11-41-PM_png.rf.c05aa68c31434bdcc3bef9e73aa4b7a8.jpg,512,512,Playground,17,44,455,503
MountainView_6_png.rf.c73bed596a5b117b1f055d327d3db1b2.jpg,512,512,TreeShading-Slope-Roof,26,50,454,504
Screen-Shot-2022-06-23-at-6-16-24-PM_png.rf.c74f2c154d030d659a99e805c6815a15.jpg,512,512,Solar-Slope-Roof,76,105,409,405
MountainView_33_png.rf.d22f7c3ccdece8763d5fc6d742d2257f.jpg,512,512,Unknownshape-Roof,9,2,434,499
Screen-Shot-2022-06-23-at-6-15-05-PM_png.rf.c9ab2570ab2b19ed9a630f1bb3d08f57.jpg,512,512,Slope-Roof,73,83,292,442
MountainView_28_png.rf.bc3b7790a32756f59008f50830973d04.jpg,512,512,TreeShading-Slope-Roof,17,28,360,453
MountainView_35_png.rf.d200f8fb948685b1daf01b2bf978fd11.jpg,512,512,Slope-Roof,17,158,468,455
Screen-Shot-2022-06-23-at-6-14-12-PM_png.rf.c8d9f1eff10543be79248ebb6f491bfd.jpg,512,512,TreeShading-Slope-Roof,1,63,482,437
Screen-Shot-2022-06-23-at-6-16-51-PM_png.rf.cfc20c5b06d73afaae70085cdbe240ae.jpg,512,512,Solar-Flat-Roof,99,236,428,412
MountainView_30_png.rf.cbe52c6d6708df1297ad7087efe19e0d.jpg,512,512,Slope-Roof,69,39,488,489
Screen-Shot-2022-06-23-at-11-52-45-AM_png.rf.d29ee4b84e205cd99b5f46d1aabcf1d9.jpg,512,512,Slope-Roof,18,35,486,502
Screen-Shot-2022-06-23-at-6-16-24-PM_png.rf.caafacc2eb24ae2baab659e5936a7ca6.jpg,512,512,Solar-Slope-Roof,76,107,409,407
Screen-Shot-2022-06-23-at-6-13-56-PM_png.rf.d3248ab49da860e8fc3c7e1164f29de2.jpg,512,512,Slope-Roof,219,44,468,483
Screen-Shot-2022-06-23-at-6-13-56-PM_png.rf.d3248ab49da860e8fc3c7e1164f29de2.jpg,512,512,Slope-Roof,19,99,273,512
MountainView_42_png.rf.d95aeb946b768a5b6d5b0ea5976e7e65.jpg,512,512,Slope-Roof,44,79,485,419
MountainView_26_png.rf.d94cd3a420b77fb6e8665afa7589a6c9.jpg,512,512,Slope-Roof,81,64,457,465
MountainView_50_png.rf.d19228f000ff5500d8791ffca3e32f57.jpg,512,512,TreeShading-Slope-Roof,61,77,472,469
Screen-Shot-2022-06-23-at-6-11-26-PM_png.rf.d28da5aa0326b9e9fedfff7e8d2518cc.jpg,512,512,Slope-Roof,82,53,459,462
MountainView_25_png.rf.c865f79bb4ad95104bc8cc69abce1369.jpg,512,512,Solar-Slope-Roof,51,59,439,487
MountainView_17_png.rf.cfabde26d7d4eb967255859c92b5799c.jpg,512,512,Slope-Roof,78,108,439,506
Screen-Shot-2022-06-23-at-11-56-06-AM_png.rf.cd7efc26d58c8eecc943a980d59020e7.jpg,512,512,Slope-Roof,18,1,449,506
MountainView_25_png.rf.d27193ac32fbbb683e8dfa95328e73f6.jpg,512,512,Solar-Slope-Roof,59,51,487,439
Screen-Shot-2022-06-23-at-6-12-34-PM_png.rf.d6a7219087105cb019fa212c56e33494.jpg,512,512,Solar-Slope-Roof,113,99,432,454
Screen-Shot-2022-06-23-at-11-56-19-AM_png.rf.d6cf296c019185408b5feb9a3529e878.jpg,512,512,Slope-Roof,11,17,445,494
MountainView_14_png.rf.d7021b8e8bbb8aef736bba6d29fc2140.jpg,512,512,Solar-Slope-Roof,36,16,417,467
MountainView_39_png.rf.da675460d7ee40faebfb9ec548695f12.jpg,512,512,Slope-Roof,47,65,467,488
MountainView_5_png.rf.dc4a4dd1d3b25986477a846c836e8657.jpg,512,512,Flat Roof,54,14,435,480
MountainView_30_png.rf.dfdebb77a575aa7cce41e4df5ca889d6.jpg,512,512,Slope-Roof,23,69,473,488
Screen-Shot-2022-06-23-at-6-12-20-PM_png.rf.da5896af2a8ec15f5ff3d6abc87244ab.jpg,512,512,Slope-Roof,90,60,425,434
Screen-Shot-2022-06-23-at-6-12-24-PM_png.rf.db9cb563faf915e462cb58c343e52d4d.jpg,512,512,Slope-Roof,54,108,469,392
Screen-Shot-2022-06-23-at-11-55-07-AM_png.rf.d80b59b1f1299dc9fb53413f396f94f2.jpg,512,512,Solar-Slope-Roof,16,57,503,502
MountainView_29_png.rf.ca3f7353d18b279cda8d7f3d4ed96976.jpg,512,512,Slope-Roof,17,33,426,387
MountainView_15_png.rf.dda71d4126924fa71fff2b2622a49c11.jpg,512,512,Solar-Slope-Roof,11,78,469,473
Screen-Shot-2022-06-23-at-6-16-51-PM_png.rf.e574b8b889f4827b6504d487a8921b15.jpg,512,512,Solar-Flat-Roof,100,99,276,428
MountainView_2_png.rf.dd06bf622945a2a3e0fbecbf1a1001c8.jpg,512,512,Flat Roof,146,63,450,486
MountainView_18_png.rf.ec3dd4ea962250c9833cd0a677544a0d.jpg,512,512,Commercial-Slope-Roof,48,68,201,472
MountainView_5_png.rf.e351111e90a4f7c282eb1efc7f374872.jpg,512,512,Flat Roof,54,14,435,480
Screen-Shot-2022-06-23-at-6-16-39-PM_png.rf.d9f6b9f77ea6ff80ecf6f207daf00480.jpg,512,512,Slope-Roof,286,184,433,458
MountainView_6_png.rf.ea0995c31fdebb13619aff77926de5d0.jpg,512,512,TreeShading-Slope-Roof,8,26,462,454
Screen-Shot-2022-06-23-at-6-18-43-PM_png.rf.dd3fec9ccc3fe15ef3cce607391ff03a.jpg,512,512,Slope-Roof,71,87,492,451
Screen-Shot-2022-06-23-at-6-12-43-PM_png.rf.d63588647735c16472d5165de02f5ebc.jpg,512,512,Slope-Roof,88,66,450,491
Screen-Shot-2022-06-23-at-6-10-26-PM_png.rf.e1f2a7b5fb606b55d4ae0b0b33ed6918.jpg,512,512,Slope-Roof,129,51,459,467
Screen-Shot-2022-06-23-at-6-10-04-PM_png.rf.eefa0457a6935dc8cf73491fbce57622.jpg,512,512,TreeShading-Slope-Roof,34,17,484,478
MountainView_38_png.rf.e51e4fbd8087ba7f99e7a23203250ef5.jpg,512,512,TreeShading-Slope-Roof,28,66,485,494
Screen-Shot-2022-06-23-at-11-56-06-AM_png.rf.d49bee462e6fcb793e2ab78fa916636b.jpg,512,512,Slope-Roof,18,1,449,506
Screen-Shot-2022-06-23-at-6-11-41-PM_png.rf.e96fb4df087fe9d785f1a2dc594c2988.jpg,512,512,Playground,44,57,503,495
MountainView_23_png.rf.e4f7507db7b51ef357c262c71ff92c1b.jpg,512,512,Slope-Roof,141,90,471,489
Screen-Shot-2022-06-23-at-6-09-30-PM_png.rf.e6fd70a49f940d8ed976d9795baa8c60.jpg,512,512,Slope-Roof,14,68,476,492
MountainView_3_png.rf.eb4c3ec6f9e621e908eaab59834d8cc2.jpg,512,512,Flat Roof,18,21,510,444
Screen-Shot-2022-06-23-at-6-16-44-PM_png.rf.ef2c01609e134fe8ec7440807e56d87a.jpg,512,512,Solar-Slope-Roof,188,37,449,214
MountainView_48_png.rf.e753e1bd9192093f3342a3eb77809aec.jpg,512,512,Slope-Roof,34,112,482,449
MountainView_40_png.rf.f28e8ec0619d107c504a34721aa7b063.jpg,512,512,Slope-Roof,13,99,465,410
Screen-Shot-2022-06-23-at-11-55-35-AM_png.rf.f0d148077114024269ee82e57fdcf482.jpg,512,512,Solar-Flat-Roof,2,65,497,467
MountainView_50_png.rf.e790f4c75e560925d170c6d2c1dbbc1d.jpg,512,512,TreeShading-Slope-Roof,43,61,435,472
Screen-Shot-2022-06-23-at-11-56-00-AM_png.rf.f6a9e974a097076d4f012b0cc07aad6e.jpg,512,512,Slope-Roof,94,12,484,478
MountainView_36_png.rf.f44f41b99db4629ee8bc638bd2255668.jpg,512,512,Slope-Roof,115,27,446,475
Screen-Shot-2022-06-23-at-6-16-07-PM_png.rf.fc05d80219c898824df2cba4c387a07b.jpg,512,512,Solar-Slope-Roof,87,85,422,420
Screen-Shot-2022-06-23-at-6-16-16-PM_png.rf.f7c87ab6eafd00c554b900f2f2a470bb.jpg,512,512,Solar-Slope-Roof,112,150,478,473
Screen-Shot-2022-06-23-at-6-09-15-PM_png.rf.f80b04008715cfc37146ce8584688020.jpg,512,512,Solar-Slope-Roof,9,94,503,457
Screen-Shot-2022-06-23-at-6-10-35-PM_png.rf.fb098dd5820c9b9221f5df2cc659762b.jpg,512,512,Solar-Slope-Roof,33,116,469,479
Screen-Shot-2022-06-23-at-6-09-57-PM_png.rf.f76b68f6ca10a118a72539f3f831e947.jpg,512,512,Slope-Roof,51,51,385,471
Screen-Shot-2022-06-23-at-6-11-32-PM_png.rf.f9da56d9ffdddf4ad031f769e3f9ad4f.jpg,512,512,Solar-Slope-Roof,171,158,485,351
Screen-Shot-2022-06-23-at-6-14-12-PM_png.rf.f93553e4f2e18bbdd62c89d0d5087d4f.jpg,512,512,TreeShading-Slope-Roof,63,30,437,511
MountainView_4_png.rf.fef8c44cf50b746930a5f9fd255038e9.jpg,512,512,TreeShading-Slope-Roof,20,29,503,329
Screen-Shot-2022-06-23-at-6-16-34-PM_png.rf.fe2fb7fb4beada8842564bdf4ed1b809.jpg,512,512,Slope-Roof,111,144,325,402
Screen-Shot-2022-06-23-at-6-16-34-PM_png.rf.fe2fb7fb4beada8842564bdf4ed1b809.jpg,512,512,Slope-Roof,14,249,110,397
Screen-Shot-2022-06-23-at-6-09-30-PM_png.rf.f4c0810d11aeed0a3b89c1a199eff39b.jpg,512,512,Slope-Roof,14,20,476,444
Screen-Shot-2022-06-23-at-6-10-26-PM_png.rf.e1dd5b5b1c79ad0aa07df6c84e167655.jpg,512,512,Slope-Roof,45,129,461,459
MountainView_31_png.rf.f50aa67b4063cf4af14d4c568ed8956b.jpg,512,512,Slope-Roof,37,62,438,464
MountainView_1_png.rf.fb8cb37be786f859fedead4609797206.jpg,512,512,Flat Roof,26,24,494,480
MountainView_37_png.rf.fecba1e2c7760e15896ff275fff10dbe.jpg,512,512,TreeShading-Slope-Roof,46,70,466,436
MountainView_11_png.rf.defd18bee0cee8a33eedefa84953ae27.jpg,512,512,Flat Roof,92,11,473,509
Screen-Shot-2022-06-23-at-6-10-46-PM_png.rf.0212d217793d9336a45a564416e91ffb.jpg,512,512,Solar-Slope-Roof,131,59,414,331
Screen-Shot-2022-06-23-at-6-10-46-PM_png.rf.0212d217793d9336a45a564416e91ffb.jpg,512,512,Solar-Slope-Roof,250,341,401,489
Screen-Shot-2022-06-23-at-6-08-20-PM_png.rf.04709d28600ecf5cc2782b8fc45b3f6f.jpg,512,512,Slope-Roof,29,16,479,498
MountainView_37_png.rf.01cee31e707c52e68b17d6389513fbcf.jpg,512,512,TreeShading-Slope-Roof,76,46,442,466
MountainView_8_png.rf.0442a143679a89f88a751b706a1f493d.jpg,512,512,Flat Roof,5,34,492,434
MountainView_1_png.rf.006ce6b4c2e961eae398ae115c4bf6f0.jpg,512,512,Flat Roof,18,32,486,488
Screen-Shot-2022-06-23-at-6-09-21-PM_png.rf.044c24f6e8ed0b828ce1c8285996b96e.jpg,512,512,Solar-Slope-Roof,141,44,497,462
Screen-Shot-2022-06-23-at-6-10-40-PM_png.rf.08d87df562510d57307c39ba16f84b7f.jpg,512,512,Solar-Slope-Roof,142,14,453,467
Screen-Shot-2022-06-23-at-6-14-36-PM_png.rf.0042eac4fab213c83e50231a2a6200ab.jpg,512,512,Slope-Roof,38,11,512,400
Screen-Shot-2022-06-23-at-6-18-48-PM_png.rf.0aad00d404bcd9a159279ad04a20a732.jpg,512,512,Slope-Roof,73,94,405,512
MountainView_48_png.rf.06ec25871ccd72893eaad7903098faaf.jpg,512,512,Slope-Roof,30,112,478,449
Screen-Shot-2022-06-23-at-6-10-57-PM_png.rf.0925ce9e58db5a55ab41c40e4b75f639.jpg,512,512,Solar-Slope-Roof,9,9,367,435
Screen-Shot-2022-06-23-at-6-11-05-PM_png.rf.0b1ece6ee012766dcad1925194a8aa21.jpg,512,512,Solar-Slope-Roof,106,44,502,503
MountainView_51_png.rf.0389c96cb65e64b835e63380bbdbdd8b.jpg,512,512,TreeShading-Slope-Roof,90,88,479,494
Screen-Shot-2022-06-23-at-6-16-34-PM_png.rf.0cc36554aa5250549928757bdf42d344.jpg,512,512,Slope-Roof,111,110,325,368
Screen-Shot-2022-06-23-at-6-16-34-PM_png.rf.0cc36554aa5250549928757bdf42d344.jpg,512,512,Slope-Roof,14,115,110,263
MountainView_23_png.rf.04f24e8efd29494c48d5c27ae7dba5ca.jpg,512,512,Slope-Roof,23,141,422,471
MountainView_46_png.rf.060a3f1b43c940c20950161943a801f3.jpg,512,512,Solar-Slope-Roof,56,77,487,435
Screen-Shot-2022-06-23-at-6-11-48-PM_png.rf.0d919ad1fe42e4f060f244fbe59f8a2c.jpg,512,512,Slope-Flat-Roof,47,4,492,494
Screen-Shot-2022-06-23-at-6-11-41-PM_png.rf.0d9a75d2b5f95df08346185d18294e14.jpg,512,512,Playground,44,57,503,495
Screen-Shot-2022-06-23-at-11-56-00-AM_png.rf.063b0517ac9b241926a2bbacd9dd7cfb.jpg,512,512,Slope-Roof,94,34,484,500
Screen-Shot-2022-06-23-at-6-18-48-PM_png.rf.0cfbe3a79ee8007b5ead37bfbb3a235d.jpg,512,512,Slope-Roof,107,94,439,512
MountainView_39_png.rf.07fb92ca12d359b7b0f1fe3a60825859.jpg,512,512,Slope-Roof,47,65,467,488
Screen-Shot-2022-06-23-at-6-13-04-PM_png.rf.11086bcf9290d68260bb7475dfd7451c.jpg,512,512,Slope-Roof,67,40,349,302
Screen-Shot-2022-06-23-at-6-10-04-PM_png.rf.196862b56f13cbba96cefb0098f025df.jpg,512,512,TreeShading-Slope-Roof,28,34,478,495
MountainView_51_png.rf.1057b202604a1d5da2f1d88c518444ff.jpg,512,512,TreeShading-Slope-Roof,90,88,479,494
MountainView_5_png.rf.1803e2163e32b286f9316813c664f7c5.jpg,512,512,Flat Roof,54,32,435,498
Screen-Shot-2022-06-23-at-11-55-35-AM_png.rf.0a37cb09ad969e4e30d359b65fd6d9a8.jpg,512,512,Solar-Flat-Roof,65,2,467,497
Screen-Shot-2022-06-23-at-6-16-30-PM_png.rf.113a5795deedeb3626fdfd7b5b285282.jpg,512,512,Solar-Slope-Roof,38,29,335,396
MountainView_10_png.rf.0f325d90a2e1574e6c1b5a8b7336db20.jpg,512,512,Flat Roof,24,48,483,397
Screen-Shot-2022-06-23-at-6-12-47-PM_png.rf.0fbe91b2b2fdec90792f4ab45adf9ff9.jpg,512,512,Slope-Roof,151,31,443,427
Screen-Shot-2022-06-23-at-6-10-21-PM_png.rf.185b7376cf3c63f71b6389fe7f749d81.jpg,512,512,Solar-Slope-Roof,53,12,410,318
Screen-Shot-2022-06-23-at-6-13-47-PM_png.rf.14860a03dbb4a3b0b5ade717a89b6315.jpg,512,512,Slope-Roof,30,6,469,469
MountainView_34_png.rf.0da2c5c06955aa60a662e38cb1d7ffef.jpg,512,512,Slope-Roof,67,46,455,474
MountainView_13_png.rf.1202246627505cf3bbcb174ac315c2d4.jpg,512,512,Solar-Slope-Roof,78,27,449,430
Screen-Shot-2022-06-23-at-6-14-48-PM_png.rf.108140b02e3078eb2eb0665212579e65.jpg,512,512,Solar-Slope-Roof,22,65,355,341
Screen-Shot-2022-06-23-at-6-11-32-PM_png.rf.1a1a14f7b498c5977e4f7071a947c48c.jpg,512,512,Solar-Slope-Roof,158,171,351,485
MountainView_18_png.rf.1d383547900e8f6469f05357a62a67e1.jpg,512,512,Commercial-Slope-Roof,40,311,444,464
Screen-Shot-2022-06-23-at-6-16-51-PM_png.rf.1a3c326517399adabd6bb21ab7d6595b.jpg,512,512,Solar-Flat-Roof,84,236,413,412
MountainView_14_png.rf.1067eacbf01085585e6e4ee04a5e0052.jpg,512,512,Solar-Slope-Roof,36,45,417,496
MountainView_20_png.rf.0f19091b2bb406453c6cb0f2447818bf.jpg,512,512,Commercial-Flat-Roof,30,61,473,406
Screen-Shot-2022-06-23-at-6-09-21-PM_png.rf.1fa338b3bb4ad826077995beffbb2006.jpg,512,512,Solar-Slope-Roof,44,15,462,371
Screen-Shot-2022-06-23-at-6-12-43-PM_png.rf.1559570ac21ccb01d892eecc13a4ccf2.jpg,512,512,Slope-Roof,21,88,446,450
Screen-Shot-2022-06-23-at-11-46-35-AM_png.rf.233ed523217e127aa0605cd11b608728.jpg,512,512,Solar-Flat-Roof,7,174,460,459
MountainView_31_png.rf.1af049766a49aca222af285d474d830d.jpg,512,512,Slope-Roof,62,37,464,438
MountainView_47_png.rf.1b5e4fcd15add23344c4f52adac9d862.jpg,512,512,Slope-Roof,26,35,482,430
Screen-Shot-2022-06-23-at-6-09-52-PM_png.rf.2043c69987e69cb156a3e2760184985e.jpg,512,512,Slope-Roof,78,54,488,476
MountainView_16_png.rf.2bafd76f6a32fa9a5c196a19ec669f05.jpg,512,512,Slope-Roof,59,55,415,482
Screen-Shot-2022-06-23-at-11-55-28-AM_png.rf.1ba7c9769a0aa5d394bec399f5710328.jpg,512,512,Slope-Flat-Roof,40,14,504,505
MountainView_29_png.rf.13795a0287758a74d2d5583acb56957a.jpg,512,512,Slope-Roof,86,125,495,479
MountainView_4_png.rf.1b53c9df50277c3591855dc7faa946ce.jpg,512,512,TreeShading-Slope-Roof,29,20,329,503
MountainView_7_png.rf.1ac8dade69da45b9d0ed4d6782ff0378.jpg,512,512,Flat Roof,68,0,491,457
Screen-Shot-2022-06-23-at-6-14-48-PM_png.rf.29dec5b2a7de004c7ffa907c5cb6c982.jpg,512,512,Solar-Slope-Roof,22,171,355,447
MountainView_44_png.rf.1fd6fbe2ce8e5e93b040de3dd501b239.jpg,512,512,Solar-Slope-Roof,38,92,483,467
Screen-Shot-2022-06-23-at-11-54-05-AM_png.rf.24a53c417c2f01f0f50dcc554cf0b775.jpg,512,512,Slope-Roof,115,17,473,470
MountainView_15_png.rf.1aa5b88454b56f5b13d97e539727f7ae.jpg,512,512,Solar-Slope-Roof,43,78,501,473
Screen-Shot-2022-06-23-at-6-10-09-PM_png.rf.1da232c49d79f5ea991a6fb7f6f4f3a0.jpg,512,512,TreeShading-Slope-Roof,29,34,446,454
Screen-Shot-2022-06-23-at-6-10-57-PM_png.rf.30049fd344c0e477f2f2fec044ee1a62.jpg,512,512,Solar-Slope-Roof,9,9,435,367
Screen-Shot-2022-06-23-at-6-11-53-PM_png.rf.2c48b87512adc08253d803f11c1d5268.jpg,512,512,Slope-Flat-Roof,24,26,491,451
MountainView_1_png.rf.280ca9ed54d224470c1846757a6a9b8d.jpg,512,512,Flat Roof,32,26,488,494
MountainView_43_png.rf.2b45ff1abdb36d81182f330f29f93455.jpg,512,512,Solar-Slope-Roof,151,35,465,480
Screen-Shot-2022-06-23-at-11-56-25-AM_png.rf.1f3a478c894204ae57ee61fcf5e00b7a.jpg,512,512,Slope-Roof,20,69,470,460
Screen-Shot-2022-06-23-at-6-14-28-PM_png.rf.2f93195e136743136796d493d6d0ed06.jpg,512,512,Slope-Roof,32,142,486,483
MountainView_4_png.rf.274fb66a830cde9da09e191021dcb11e.jpg,512,512,TreeShading-Slope-Roof,183,20,483,503
Screen-Shot-2022-06-23-at-6-12-34-PM_png.rf.2ed443a069f31883e2f59b8aaf5154cf.jpg,512,512,Solar-Slope-Roof,99,113,454,432
Screen-Shot-2022-06-23-at-6-09-30-PM_png.rf.2eef4c6b86d9b547930a613a4904e734.jpg,512,512,Slope-Roof,20,36,444,498
MountainView_30_png.rf.349b7f1aabbf4b7abda071f0167d1e68.jpg,512,512,Slope-Roof,69,39,488,489
Screen-Shot-2022-06-23-at-6-12-03-PM_png.rf.339016294cc1a5af3966b2d3446703f6.jpg,512,512,Slope-Roof,33,94,225,461
Screen-Shot-2022-06-23-at-6-08-38-PM_png.rf.30c90f49ac29d2ffcd2991e8d8374812.jpg,512,512,Flat Roof,6,20,507,496
MountainView_22_png.rf.24d061f6c64c8a58a83f4a7c891831e7.jpg,512,512,Slope-Roof,0,68,435,385
Screen-Shot-2022-06-23-at-6-08-20-PM_png.rf.33fa3f152539ce4f99a1db7032233742.jpg,512,512,Slope-Roof,33,14,483,496
Screen-Shot-2022-06-23-at-6-16-07-PM_png.rf.2fca134b1c5828d5259275565263f98a.jpg,512,512,Solar-Slope-Roof,85,90,420,425
Screen-Shot-2022-06-23-at-11-54-05-AM_png.rf.37bccee66596882e28fc370a76a6ec17.jpg,512,512,Slope-Roof,39,42,397,495
MountainView_45_png.rf.35a80de99a82a7eb284408c38f4015b9.jpg,512,512,Slope-Roof,67,31,409,476
Screen-Shot-2022-06-23-at-11-53-27-AM_png.rf.390ad722e77c84faf59610332d3b17a2.jpg,512,512,Solar-Slope-Roof,100,33,444,457
Screen-Shot-2022-06-23-at-6-16-44-PM_png.rf.35602b452b84e9fd8ac7f4ddd78132eb.jpg,512,512,Solar-Slope-Roof,63,298,324,475
MountainView_13_png.rf.36b69a48efe502a9e867a0555742544b.jpg,512,512,Solar-Slope-Roof,63,82,434,485
Screen-Shot-2022-06-23-at-11-55-17-AM_png.rf.37f73f63900f6a5d8ebb1bc68f8d20d6.jpg,512,512,Solar-Slope-Roof,74,12,502,483
MountainView_20_png.rf.3ed2ea5c6fc5f231cecb7971a27fdff3.jpg,512,512,Commercial-Flat-Roof,61,39,406,482
MountainView_20_png.rf.3b8712ae88d5fb2a776ddb87ba7b31dd.jpg,512,512,Commercial-Flat-Roof,106,39,451,482
Screen-Shot-2022-06-23-at-6-14-28-PM_png.rf.2feefa8f6bf9da93100d94fede4e78a9.jpg,512,512,Slope-Roof,29,32,370,486
Screen-Shot-2022-06-23-at-6-16-11-PM_png.rf.375e6e14ca52fc2d3ce2132660bccbf0.jpg,512,512,Solar-Slope-Roof,34,23,458,444
MountainView_17_png.rf.3ab72c83cedd5d7d710ceb5cebeafff6.jpg,512,512,Slope-Roof,78,6,439,404
MountainView_37_png.rf.3d2d4c99b6e55f22148ea159db6001fc.jpg,512,512,TreeShading-Slope-Roof,76,46,442,466
Screen-Shot-2022-06-23-at-6-16-20-PM_png.rf.45425d4f5673de8a266f7e15ae2841df.jpg,512,512,Solar-Slope-Roof,61,42,358,470
Screen-Shot-2022-06-23-at-6-11-48-PM_png.rf.3f14f8e2545da98985b00093d2ad56bb.jpg,512,512,Slope-Flat-Roof,18,47,508,492
Screen-Shot-2022-06-23-at-11-55-28-AM_png.rf.400152fdf0a542581c31bfa03951f2e4.jpg,512,512,Slope-Flat-Roof,14,8,505,472
MountainView_24_png.rf.3f6c2df48139d1fe614bd8b2c74d2894.jpg,512,512,Slope-Roof,48,46,444,458
MountainView_32_png.rf.41f71d227a7b0aebd48f2468c5a8e770.jpg,512,512,Commercial-Slope-Roof,52,6,487,508
MountainView_34_png.rf.4191c9bfc277a5eb37b77c0bcb9011b1.jpg,512,512,Slope-Roof,67,38,455,466
MountainView_9_png.rf.3f0ca24188ab3d300f59027b248bc931.jpg,512,512,Solar-Flat-Roof,22,97,494,499
Screen-Shot-2022-06-23-at-6-11-10-PM_png.rf.47741745dda1d963a8101cf1a6f4cfd1.jpg,512,512,Solar-Slope-Roof,136,45,481,442
MountainView_2_png.rf.434671af575908cd4627e82cdbd65c63.jpg,512,512,Flat Roof,26,146,449,450
MountainView_16_png.rf.45f8f353855f3424d76c5bbdf9628996.jpg,512,512,Slope-Roof,97,30,453,457
MountainView_39_png.rf.424a6eb3261ebb6aa4403797be24ee96.jpg,512,512,Slope-Roof,47,24,467,447
Screen-Shot-2022-06-23-at-6-14-12-PM_png.rf.49522f7d220ef2630fa1603ad212551a.jpg,512,512,TreeShading-Slope-Roof,30,75,511,449
Screen-Shot-2022-06-23-at-6-10-40-PM_png.rf.468fdb0e748c11692b16e37cced87196.jpg,512,512,Solar-Slope-Roof,59,45,370,498
MountainView_28_png.rf.3aa2c1e99132ccfe48ca679f107eacff.jpg,512,512,TreeShading-Slope-Roof,17,59,360,484
Screen-Shot-2022-06-23-at-11-51-33-AM_png.rf.466c62f4e8e3ef63b5385db3322d8223.jpg,512,512,Solar-Pannel-Ground,67,66,483,479
Screen-Shot-2022-06-23-at-11-55-17-AM_png.rf.4a5fefdc5c63e87b176cdf3418ec1c8a.jpg,512,512,Solar-Slope-Roof,29,74,500,502
Screen-Shot-2022-06-23-at-6-09-42-PM_png.rf.4d97efe39f6c100950993ec47c72edce.jpg,512,512,Slope-Roof,62,34,483,479
Screen-Shot-2022-06-23-at-6-14-36-PM_png.rf.4871c06240d7a7210cba0a11bf67578b.jpg,512,512,Slope-Roof,38,112,512,501
Screen-Shot-2022-06-23-at-6-10-04-PM_png.rf.4cd99e090d3de84cc1c6ce52cbc070cd.jpg,512,512,TreeShading-Slope-Roof,17,34,478,484
Screen-Shot-2022-06-23-at-6-16-30-PM_png.rf.4ad889b1799e7d2894d4207b48c03f40.jpg,512,512,Solar-Slope-Roof,29,177,396,474
MountainView_38_png.rf.51830e5848d02b3f393974b8799bdb32.jpg,512,512,TreeShading-Slope-Roof,28,66,485,494
Screen-Shot-2022-06-23-at-6-17-22-PM_png.rf.4cdd43b18e257ecf077f2ffd28d550b8.jpg,512,512,Commercial-Flat-Roof,34,51,443,463
MountainView_40_png.rf.4cc346a732700ba232849c285ea452d2.jpg,512,512,Slope-Roof,13,102,465,413
MountainView_34_png.rf.3502f876314c4f3bcae419f27325a843.jpg,512,512,Slope-Roof,46,67,474,455
Screen-Shot-2022-06-23-at-6-16-03-PM_png.rf.487f27e57f4e5546afdc2bfeec68846a.jpg,512,512,Solar-Slope-Roof,59,112,316,365
Screen-Shot-2022-06-23-at-6-16-03-PM_png.rf.487f27e57f4e5546afdc2bfeec68846a.jpg,512,512,Slope-Roof,266,44,509,274
Screen-Shot-2022-06-23-at-6-12-34-PM_png.rf.3c0a958c1db083a1ed311401ef9a7e66.jpg,512,512,Solar-Slope-Roof,99,113,454,432
Screen-Shot-2022-06-23-at-6-12-16-PM_png.rf.4dbc7bc2df2862e58733ea64ff527003.jpg,512,512,Slope-Roof,28,85,443,481
Screen-Shot-2022-06-23-at-6-10-57-PM_png.rf.38b6779bc55f649927d42facb9921b17.jpg,512,512,Solar-Slope-Roof,9,145,435,503
Screen-Shot-2022-06-23-at-11-56-14-AM_png.rf.5906ef5dbf016f05596c01c91e0f0975.jpg,512,512,Slope-Roof,39,37,504,439
Screen-Shot-2022-06-23-at-11-46-35-AM_png.rf.58e8e0f53b997df18af14581f391304c.jpg,512,512,Solar-Flat-Roof,53,7,338,460
Screen-Shot-2022-06-23-at-6-12-47-PM_png.rf.5879e7ebf3179fa768261b3008b91b19.jpg,512,512,Slope-Roof,69,85,361,481
MountainView_36_png.rf.4db510c282d0ba792bb49ae72fa07162.jpg,512,512,Slope-Roof,37,66,485,397
Screen-Shot-2022-06-23-at-6-09-35-PM_png.rf.5e9803e19097c32e3a3a7e3b9690b9c6.jpg,512,512,Slope-Roof,78,57,472,479
MountainView_26_png.rf.4fbafbdee720f958e6624220bb0e1bd9.jpg,512,512,Slope-Roof,64,55,465,431
MountainView_17_png.rf.636bd5856f17ffd30dc07d8ebfa545e8.jpg,512,512,Slope-Roof,6,73,404,434
MountainView_29_png.rf.613e0edf5b2d160267554767a6a67060.jpg,512,512,Slope-Roof,125,86,479,495
Screen-Shot-2022-06-23-at-6-10-46-PM_png.rf.5c6bc39f45a0397453c3bd44874eae4f.jpg,512,512,Solar-Slope-Roof,181,131,453,414
Screen-Shot-2022-06-23-at-6-10-46-PM_png.rf.5c6bc39f45a0397453c3bd44874eae4f.jpg,512,512,Solar-Slope-Roof,23,250,171,401
MountainView_42_png.rf.4aac4ca9debf408f35b32b045d10d22f.jpg,512,512,Slope-Roof,93,44,433,485
Screen-Shot-2022-06-23-at-6-09-15-PM_png.rf.4e15f2240bc2858044651c2893b6bfdb.jpg,512,512,Solar-Slope-Roof,9,55,503,418
Screen-Shot-2022-06-23-at-11-51-33-AM_png.rf.6438b9f47cc4d926f30b5de32d7bda5f.jpg,512,512,Solar-Pannel-Ground,29,66,445,479
MountainView_12_png.rf.5695811646457b2e926834cd83da6700.jpg,512,512,TreeShading-Slope-Roof,52,53,465,435
MountainView_46_png.rf.6056fba4466d542d5ea85317132281b8.jpg,512,512,Solar-Slope-Roof,25,77,456,435
MountainView_52_png.rf.68fb3dfed4d8f1ea3ca2fe4f3d2f3926.jpg,512,512,Slope-Roof,27,49,471,483
Screen-Shot-2022-06-23-at-6-12-24-PM_png.rf.6ae213e6c9f632f66dc57214c74c9181.jpg,512,512,Slope-Roof,108,43,392,458
Screen-Shot-2022-06-23-at-6-11-48-PM_png.rf.65a4a7d99e75509cb4129f93e83417c8.jpg,512,512,Slope-Flat-Roof,18,47,508,492
Screen-Shot-2022-06-23-at-6-11-32-PM_png.rf.58bde6d9d351cf3a523097d048716a3a.jpg,512,512,Solar-Slope-Roof,158,27,351,341
Screen-Shot-2022-06-23-at-6-11-53-PM_png.rf.6d0cbc55e4ee6d68cf6765d68fa2558e.jpg,512,512,Slope-Flat-Roof,21,26,488,451
MountainView_26_png.rf.5c94ae29a7cdcfe275635561b04f896b.jpg,512,512,Slope-Roof,55,64,431,465
Screen-Shot-2022-06-23-at-6-09-42-PM_png.rf.6b7f5d1e0fce03acd2c804f8a3a37762.jpg,512,512,Slope-Roof,34,62,479,483
Screen-Shot-2022-06-23-at-6-16-16-PM_png.rf.51fe3724354d8cb383d107bccbbaef7a.jpg,512,512,Solar-Slope-Roof,112,150,478,473
Screen-Shot-2022-06-23-at-11-56-25-AM_png.rf.5ea8025742edae1bb344209cbdb16a8c.jpg,512,512,Slope-Roof,42,52,492,443
MountainView_47_png.rf.68ea7ed26d8204cbea26347a4adda176.jpg,512,512,Slope-Roof,26,82,482,477
Screen-Shot-2022-06-23-at-6-10-21-PM_png.rf.68bb0b477cc42ae86bf61556d00e75f6.jpg,512,512,Solar-Slope-Roof,194,102,500,459
Screen-Shot-2022-06-23-at-6-12-16-PM_png.rf.6b9beed84baebe1b7c4d0c2d5e82b76a.jpg,512,512,Slope-Roof,69,85,484,481
Screen-Shot-2022-06-23-at-11-53-27-AM_png.rf.64c8700b2517bcd9f08b0c1f1e9a08a1.jpg,512,512,Solar-Slope-Roof,55,100,479,444
Screen-Shot-2022-06-23-at-6-09-57-PM_png.rf.77a39b2eddc5ba3f41f70c55fb956b93.jpg,512,512,Slope-Roof,127,41,461,461
Screen-Shot-2022-06-23-at-11-55-07-AM_png.rf.6d22bd3688de63fc130b0f4c36b0fcf2.jpg,512,512,Solar-Slope-Roof,57,9,502,496
MountainView_32_png.rf.42c171bcda582a49de3d82441644fce7.jpg,512,512,Commercial-Slope-Roof,52,6,487,508
Screen-Shot-2022-06-23-at-11-52-45-AM_png.rf.685d28cf6d0eab1225e254b0c5b4fa1d.jpg,512,512,Slope-Roof,35,26,502,494
Screen-Shot-2022-06-23-at-6-09-35-PM_png.rf.71216f16b5d1a8c423d1603dd965b37d.jpg,512,512,Slope-Roof,57,40,479,434
Screen-Shot-2022-06-23-at-6-08-38-PM_png.rf.694928578f8ce6f71ef064c8ba27c762.jpg,512,512,Flat Roof,6,16,507,492
MountainView_12_png.rf.6ed65b2e2f9c31a399dd813bb916b49b.jpg,512,512,TreeShading-Slope-Roof,53,52,435,465
Screen-Shot-2022-06-23-at-6-09-35-PM_png.rf.76700664bb7cd4e9b41373a2805ad540.jpg,512,512,Slope-Roof,57,78,479,472
Screen-Shot-2022-06-23-at-6-11-05-PM_png.rf.726c292201fb5860b2e182ef982b239a.jpg,512,512,Solar-Slope-Roof,10,9,406,468
Screen-Shot-2022-06-23-at-6-10-35-PM_png.rf.753e8ae1ec4d656d64426dd235b2a88e.jpg,512,512,Solar-Slope-Roof,43,33,479,396
MountainView_14_png.rf.7ceb68ed5d5fc6ac5481d1b19c9c0bc2.jpg,512,512,Solar-Slope-Roof,45,95,496,476
Screen-Shot-2022-06-23-at-6-10-35-PM_png.rf.6ff4ab142af92608a318fd26a02b6438.jpg,512,512,Solar-Slope-Roof,33,33,396,469
Screen-Shot-2022-06-23-at-6-10-09-PM_png.rf.7159dd45c3d553ef87059d7e18f141e6.jpg,512,512,TreeShading-Slope-Roof,58,29,478,446
Screen-Shot-2022-06-23-at-11-47-05-AM_png.rf.7197ed81116318f26915f5b26db203ef.jpg,512,512,Playground,110,234,403,346
Screen-Shot-2022-06-23-at-11-47-05-AM_png.rf.7197ed81116318f26915f5b26db203ef.jpg,512,512,Playground,100,332,394,441
MountainView_33_png.rf.77df7f6fed3a4619abffa593f8932811.jpg,512,512,Unknownshape-Roof,78,2,503,499
Screen-Shot-2022-06-23-at-6-16-20-PM_png.rf.7a6f1e714c88394d4cb6f05aa1b6cdc1.jpg,512,512,Solar-Slope-Roof,42,154,470,451
MountainView_3_png.rf.79a6387fd09844d64f71738b80e5e1d1.jpg,512,512,Flat Roof,18,68,510,491
Screen-Shot-2022-06-23-at-6-17-22-PM_png.rf.73192a4e14a8637079f18dd0d7fdac14.jpg,512,512,Commercial-Flat-Roof,51,69,463,478
MountainView_27_png.rf.78b480e50d6d2da187f31d5782d92d62.jpg,512,512,Slope-Roof,139,50,442,443
Screen-Shot-2022-06-23-at-11-47-05-AM_png.rf.74fdd6923396f5f69d1e661d567841bb.jpg,512,512,Playground,110,234,403,346
Screen-Shot-2022-06-23-at-11-47-05-AM_png.rf.74fdd6923396f5f69d1e661d567841bb.jpg,512,512,Playground,100,332,394,441
Screen-Shot-2022-06-23-at-11-53-27-AM_png.rf.7084e30980ec4e6fcb88c94504941fed.jpg,512,512,Solar-Slope-Roof,100,33,444,457
MountainView_46_png.rf.774afc603c74fe87edd71261e9e21a5a.jpg,512,512,Solar-Slope-Roof,77,56,435,487
MountainView_40_png.rf.6d15be1a8c3484514ebc090e879d1d91.jpg,512,512,Slope-Roof,47,99,499,410